{
  "params": {
    "p_ai": 0.1,
    "cycle_duration": 30,
    "cycle_duration_std": 10,
    "p_tcs_transition": 0.8,
    "p_ai_growth_rate": 0.15,
    "p_ai_max": 0.99,
    "max_time": 1000,
    "max_cycles": 100
  },
  "stats": {
    "n": 100000,
    "extinction_rate": 1,
    "mean_time": 256.1524189490164,
    "std_time": 138.77110449876076,
    "median_time": 254.612483402745,
    "p5_time": 32.98770624796064,
    "p25_time": 146.25681301466426,
    "p75_time": 360.3174636248944,
    "p95_time": 486.7979960944887,
    "mean_cycles": 9.5403,
    "median_cycles": 10
  }
}
