{
  "params": {
    "p_ai": 0.02,
    "cycle_duration": 75,
    "cycle_duration_std": 25,
    "p_tcs_transition": 0.8,
    "p_ai_growth_rate": 0.05,
    "p_ai_max": 0.99,
    "max_time": 2000,
    "max_cycles": 100
  },
  "stats": {
    "n": 100000,
    "extinction_rate": 0.37777,
    "mean_time": 1140.8379663807357,
    "std_time": 562.0616877838564,
    "median_time": 1203.1180655437804,
    "p5_time": 162.03837918111657,
    "p25_time": 688.8211095386175,
    "p75_time": 1631.9162969444515,
    "p95_time": 1928.286738559445,
    "mean_cycles": 23.063,
    "median_cycles": 26
  }
}
