{
  "params": {
    "p_ai": 0.08,
    "cycle_duration": 45,
    "cycle_duration_std": 26,
    "p_tcs_transition": 0.8,
    "p_ai_growth_rate": 0.15,
    "p_ai_max": 0.99,
    "max_time": 1000,
    "max_cycles": 100
  },
  "stats": {
    "n": 100000,
    "extinction_rate": 0.99454,
    "mean_time": 432.8841652556253,
    "std_time": 231.14089835717598,
    "median_time": 432.1792508286248,
    "p5_time": 58.32454160031059,
    "p25_time": 250.9497593760609,
    "p75_time": 606.9273139703247,
    "p95_time": 816.8374138847926,
    "mean_cycles": 10.57769,
    "median_cycles": 11
  }
}
