{
  "params": {
    "p_ai": 0.03,
    "cycle_duration": 60,
    "cycle_duration_std": 20,
    "p_tcs_transition": 0.8,
    "p_ai_growth_rate": 0.08,
    "p_ai_max": 0.99,
    "max_time": 2000,
    "max_cycles": 100
  },
  "stats": {
    "n": 100000,
    "extinction_rate": 0.87629,
    "mean_time": 1114.1420576423916,
    "std_time": 526.4433305430733,
    "median_time": 1161.3148452659395,
    "p5_time": 190.04537996103602,
    "p25_time": 707.8547313024247,
    "p75_time": 1550.1204919803558,
    "p95_time": 1892.8272947102382,
    "mean_cycles": 21.33584,
    "median_cycles": 22
  }
}
