{
  "params": {
    "p_ai": 0.05,
    "cycle_duration": 50,
    "cycle_duration_std": 20,
    "p_tcs_transition": 0.8,
    "p_ai_growth_rate": 0.1,
    "p_ai_max": 0.99,
    "max_time": 1000,
    "max_cycles": 100
  },
  "stats": {
    "n": 100000,
    "extinction_rate": 0.73533,
    "mean_time": 557.3344506251624,
    "std_time": 273.8318283217483,
    "median_time": 581.6233671823971,
    "p5_time": 72.52722346933322,
    "p25_time": 340.79393806525155,
    "p75_time": 790.3922187493467,
    "p95_time": 955.9555788540208,
    "mean_cycles": 14.36289,
    "median_cycles": 16
  }
}
